"Pos","Cons","AA","Count","PosTotal","PatientCount","PatientPosTotal","sgsPcnt","dbPcnt","pcntFold","isAPOBEC"
1,"P","S",1,3882,1,158,0.026,0.0094833922093933,2.741635,"False"
10,"L","F",1,3882,1,158,0.026,1.80333607076024,0.0144177230309817,"False"
10,"L","I",206,3882,13,158,5.307,11.3672774269982,0.466866409664239,"False"
10,"L","M",3,3882,1,158,0.077,0.270601381278693,0.284551393034826,"False"
10,"L","P",1,3882,1,158,0.026,0.0403882658624914,0.643751333333333,"False"
10,"L","V",6,3882,4,158,0.155,5.22758787813514,0.0296503862992532,"False"
11,"V","A",3,3882,3,158,0.077,0.0668173332023189,1.15239558823529,"False"
11,"V","G",1,3882,1,158,0.026,0.00917100651796535,2.83502142857143,"False"
11,"V","I",5,3882,3,158,0.129,0.717958795977859,0.179676049270073,"False"
12,"T","A",49,3882,6,158,1.262,2.45462819208737,0.514130817884406,"False"
12,"T","I",2,3882,2,158,0.052,0.936880989346325,0.0555033142857143,"False"
12,"T","K",8,3882,1,158,0.206,1.03993789817442,0.198088751608752,"False"
12,"T","N",1,3882,1,158,0.026,0.943572996413084,0.0275548368794326,"False"
12,"T","Q",1,3882,1,158,0.026,0.301140318004176,0.0863384888888889,"False"
12,"T","R",39,3882,3,158,1.005,0.14856255688206,6.76482702702703,"False"
12,"T","S",1329,3882,73,158,34.235,11.7471492049896,2.91432409707189,"False"
13,"I","V",722,3882,42,158,18.599,30.0783018616667,0.618352727675211,"False"
14,"K","N",51,3882,1,158,1.314,0.183952172435167,7.14316108695652,"False"
14,"K","R",539,3882,22,158,13.885,14.8981264871134,0.931996383035834,"False"
14,"K","S",1,3882,1,158,0.026,0.0459880431087917,0.565364347826087,"False"
14,"K","T",4,3882,2,158,0.103,0.11263738094762,0.914438875739645,"False"
15,"I","L",31,3882,3,158,0.799,0.296985727449304,2.69036497767857,"False"
15,"I","V",1964,3882,97,158,50.592,29.8218748549874,1.69647281554261,"False"
16,"G","A",5,3882,1,158,0.129,1.3527595774336,0.0953606259027444,"False"
16,"G","E",168,3882,14,158,4.328,8.59526631843583,0.503532972645298,"False"
16,"G","W",1,3882,1,158,0.026,0.00976956844559653,2.66132533333333,"False"
17,"G","D",26,3882,3,158,0.67,0.515875057891216,1.29876408977556,"False"
17,"G","E",5,3882,2,158,0.129,1.45178304945196,0.0888562516614976,"False"
18,"Q","E",186,3882,1,158,4.791,0.431451456874202,11.1043778475336,"False"
18,"Q","I",137,3882,1,158,3.529,0.0709411961975519,49.7454256363636,"False"
18,"Q","K",1,3882,1,158,0.026,0.0883540352642237,0.294270656934307,"False"
18,"Q","V",98,3882,1,158,2.524,0.00773903958518748,326.13866,"False"
19,"L","E",5,3882,1,158,0.129,0.105215395642767,1.2260563125,"False"
19,"L","I",1526,3882,68,158,39.31,14.4927631535684,2.71238821634375,"False"
19,"L","P",1,3882,1,158,0.026,0.82462566335019,0.0315294577352472,"False"
19,"L","Q",12,3882,1,158,0.309,1.41120149405862,0.218962353215284,"False"
19,"L","R",1,3882,1,158,0.026,0.042086158257107,0.6177803125,"False"
19,"L","T",151,3882,17,158,3.89,2.76256173184541,1.40811333015949,"False"
19,"L","V",287,3882,19,158,7.393,2.62249373639598,2.81907251003009,"False"
20,"K","I",4,3882,3,158,0.103,8.64020717662985,0.01192101044505,"False"
20,"K","M",12,3882,2,158,0.309,0.78410599491214,0.394079374478732,"False"
20,"K","Q",1,3882,1,158,0.026,0.0163491658655575,1.5902952,"False"
20,"K","R",747,3882,37,158,19.243,10.3248252274169,1.86376036166709,"False"
21,"E","G",1,3882,1,158,0.026,0.0250213322897085,1.03911333333333,"False"
21,"E","K",4,3882,4,158,0.103,0.109067345878217,0.944370647058823,"False"
25,"D","G",1,3882,1,158,0.026,0.00768673973339824,3.38244833333333,"False"
25,"D","N",1,3882,1,158,0.026,0.0140923561778968,1.84497181818182,"True"
26,"T","A",1,3882,1,158,0.026,0.00831957403780926,3.12516,"False"
27,"G","E",1,3882,1,158,0.026,0.00447779334344035,5.80643142857143,"True"
28,"A","T",2,3882,2,158,0.052,0.00511708530820844,10.162035,"False"
28,"A","V",1,3882,1,158,0.026,0.00447744964468239,5.80687714285714,"False"
29,"D","N",1,3882,1,158,0.026,0.0127771034306523,2.03489,"True"
3,"I","V",1,3882,1,158,0.026,0.295109283873329,0.0881029551451187,"False"
30,"D","N",2,3882,2,158,0.052,1.37482095355024,0.0378231069767442,"False"
33,"L","F",1,3882,1,158,0.026,2.65158586593366,0.00980545277980092,"False"
33,"L","V",17,3882,2,158,0.438,1.43490771914691,0.305246110363392,"False"
34,"E","G",1,3882,1,158,0.026,0.0576904586391462,0.450681111111111,"False"
34,"E","K",3,3882,3,158,0.077,0.141021121117913,0.5460175,"False"
35,"E","D",1767,3882,58,158,45.518,41.8506512565305,1.08762943068651,"False"
35,"E","K",1,3882,1,158,0.026,0.129142506799549,0.20132797979798,"False"
35,"E","N",3,3882,3,158,0.077,0.679628747904696,0.113297149712092,"False"
35,"E","Y",1,3882,1,158,0.026,0.00130446976565201,19.93147,"False"
36,"M","I",2206,3882,108,158,56.826,51.7231173955936,1.09865767690254,"False"
36,"M","L",260,3882,9,158,6.698,1.41335087142387,4.73909213587715,"False"
36,"M","T",3,3882,3,158,0.077,0.217033870437356,0.354783333333333,"False"
36,"M","V",4,3882,3,158,0.103,0.995725090430779,0.103442206076618,"False"
37,"N","A",220,3882,1,158,5.667,0.585249048552261,9.68305717714286,"False"
37,"N","D",334,3882,20,158,8.604,10.8829568788501,0.790593962264151,"False"
37,"N","E",1,3882,1,158,0.026,2.63663057073487,0.00986107052257737,"False"
37,"N","H",1,3882,1,158,0.026,0.729053100482245,0.0356626972477064,"False"
37,"N","I",8,3882,3,158,0.206,0.0662167494933415,3.11099535353535,"False"
37,"N","K",69,3882,6,158,1.777,1.74972744115739,1.0155867469419,"False"
37,"N","S",497,3882,31,158,12.803,9.1854002100208,1.39384237020316,"False"
37,"N","T",117,3882,4,158,3.014,1.70625179755065,1.7664450254802,"False"
38,"L","M",1,3882,1,158,0.026,0.0275099643649996,0.945112093023256,"False"
39,"P","A",2,3882,1,158,0.052,0.0709769002451929,0.732632727272727,"False"
39,"P","S",24,3882,8,158,0.618,1.9047619047619,0.32445,"False"
39,"P","T",58,3882,4,158,1.494,0.497483546264034,3.00311439688716,"False"
4,"T","A",1,3882,1,158,0.026,0.0333996782724868,0.778450612244898,"False"
4,"T","S",7,3882,1,158,0.18,0.216075469640374,0.833042271293375,"False"
40,"G","E",1,3882,1,158,0.026,0.0121359223300971,2.1424,"True"
40,"G","R",1,3882,1,158,0.026,0.0127746550843127,2.03528,"True"
41,"R","I",6,3882,1,158,0.155,0.0798162916827499,1.94195942622951,"False"
41,"R","K",2968,3882,125,158,76.455,56.6748009499447,1.34901223680565,"False"
41,"R","N",47,3882,4,158,1.211,1.53482803514534,0.789013473998295,"False"
41,"R","T",1,3882,1,158,0.026,0.0281319716586741,0.924215348837209,"False"
43,"K","R",28,3882,3,158,0.721,2.06513669668507,0.34912943107221,"False"
44,"P","S",1,3882,1,158,0.026,0.00127740839385056,20.35371,"False"
45,"K","Q",1,3882,1,158,0.026,0.0605634982507458,0.429301489361702,"False"
45,"K","R",296,3882,15,158,7.625,3.21759691770451,2.36978098718462,"False"
46,"M","I",3,3882,3,158,0.077,4.27332223211865,0.0180187675577707,"False"
46,"M","L",27,3882,4,158,0.696,1.81943745240031,0.382535821213196,"False"
48,"G","E",1,3882,1,158,0.026,0.0166240409207161,1.564,"True"
48,"G","R",1,3882,1,158,0.026,0.0121483375959079,2.14021052631579,"True"
49,"G","E",1,3882,1,158,0.026,0.0210820859765797,1.23327454545455,"True"
51,"G","E",1,3882,1,158,0.026,0.00958050176281232,2.71384533333333,"True"
52,"G","D",1,3882,1,158,0.026,0.00255458836001814,10.177765,"False"
54,"I","V",3,3882,2,158,0.077,4.52909032465445,0.0170012065294535,"False"
55,"K","R",5,3882,3,158,0.129,1.36073633807879,0.0948016132075472,"False"
56,"V","A",3,3882,3,158,0.077,0.0114959412940598,6.69801611111111,"False"
56,"V","I",2,3882,2,158,0.052,0.00957995107838316,5.42800266666667,"False"
56,"V","L",1,3882,1,158,0.026,0.00255465362090218,10.177505,"False"
57,"R","G",1,3882,1,158,0.026,0.116887272347345,0.222436536312849,"False"
57,"R","K",672,3882,26,158,17.311,15.8542239403418,1.09188567445117,"False"
58,"Q","E",3,3882,2,158,0.077,1.46707564628813,0.0524853644696639,"False"
59,"Y","C",1,3882,1,158,0.026,0.0108648413733159,2.39304,"False"
59,"Y","F",23,3882,1,158,0.592,0.0709410230845924,8.34496,"False"
59,"Y","H",2,3882,2,158,0.052,0.0210905744305545,2.46555636363636,"False"
60,"D","E",780,3882,24,158,20.093,10.7283863945228,1.87288183526445,"False"
60,"D","G",1,3882,1,158,0.026,0.00644076748185314,4.036786,"False"
61,"Q","D",1,3882,1,158,0.026,1.02788592532331,0.025294635678392,"False"
61,"Q","E",95,3882,7,158,2.447,3.47557156784886,0.704056858629017,"False"
61,"Q","H",74,3882,3,158,1.906,0.742505536508674,2.56698422608696,"False"
61,"Q","N",53,3882,1,158,1.365,2.97970700085872,0.458098732394366,"False"
62,"I","N",1,3882,1,158,0.026,0,Inf,"False"
62,"I","T",1,3882,1,158,0.026,0.0311474866629113,0.83473829787234,"False"
62,"I","V",503,3882,20,158,12.957,18.6990953974618,0.692921220229657,"False"
63,"L","A",225,3882,7,158,5.796,4.72047830552514,1.22784167723343,"False"
63,"L","C",44,3882,1,158,1.133,1.76371761473007,0.642393085229464,"False"
63,"L","E",12,3882,2,158,0.309,0.112910576184031,2.73667897590361,"False"
63,"L","G",7,3882,1,158,0.18,0.0836626558472034,2.15149756097561,"False"
63,"L","H",8,3882,5,158,0.206,1.75419503601575,0.117432780147344,"False"
63,"L","I",32,3882,4,158,0.824,0.355056149205205,2.32075969348659,"False"
63,"L","P",1631,3882,68,158,42.014,44.6561328807841,0.940833818104276,"False"
63,"L","Q",33,3882,2,158,0.85,1.6086356185255,0.528398097251586,"False"
63,"L","S",339,3882,11,158,8.733,5.03744413987308,1.73361723872536,"False"
63,"L","T",249,3882,19,158,6.414,5.80197117379386,1.10548636107855,"False"
63,"L","V",264,3882,12,158,6.801,1.9636917677307,3.46337450294423,"False"
64,"I","L",13,3882,4,158,0.335,2.81020773380705,0.119208269185911,"False"
64,"I","M",41,3882,4,158,1.056,1.99080963087754,0.530437458017781,"False"
64,"I","V",460,3882,14,158,11.85,10.4784629402626,1.13089105411323,"False"
65,"E","D",28,3882,4,158,0.721,3.03637613294022,0.237454112544954,"False"
65,"E","G",1,3882,1,158,0.026,0.0167010322522627,1.55679,"False"
65,"E","K",3,3882,3,158,0.077,0.100206193513576,0.768415576923077,"False"
66,"I","N",2,3882,2,158,0.052,0.00191996313670778,27.0838533333333,"False"
66,"I","V",2,3882,2,158,0.052,0.181756510275003,0.286097042253521,"False"
67,"C","F",1,3882,1,158,0.026,0.194184745566544,0.133893112582781,"False"
67,"C","G",2,3882,2,158,0.052,0.0778024973958668,0.668359008264463,"False"
67,"C","S",1,3882,1,158,0.026,0.965136765216497,0.0269391872085276,"False"
67,"C","Y",26,3882,4,158,0.67,0.762593073648744,0.878581281618887,"False"
68,"G","E",1,3882,1,158,0.026,0.477195675813983,0.0544849865951743,"False"
69,"H","K",2249,3882,108,158,57.934,38.1904841865962,1.51697474472799,"False"
69,"H","Q",97,3882,7,158,2.499,2.63179989279048,0.949540277300614,"False"
69,"H","R",5,3882,2,158,0.129,0.65100718820437,0.198154494047619,"False"
69,"H","Y",93,3882,5,158,2.396,1.43699503348683,1.66736832359551,"False"
7,"Q","H",1,3882,1,158,0.026,0.0451284501695635,0.576133235294118,"False"
7,"Q","R",1,3882,1,158,0.026,0.0603924847857394,0.430517142857143,"False"
70,"K","Q",60,3882,4,158,1.546,0.305721073334112,5.05689707006369,"False"
70,"K","R",37,3882,11,158,0.953,6.30200828237982,0.151221635595839,"False"
71,"A","D",1,3882,1,158,0.026,0.00260791894587916,9.969635,"False"
71,"A","S",2,3882,2,158,0.052,0.00260791894587916,19.93927,"False"
71,"A","T",242,3882,4,158,6.234,5.32602246722172,1.17047947851634,"False"
71,"A","V",10,3882,5,158,0.258,7.72335195822114,0.0334051848725308,"False"
72,"I","L",43,3882,1,158,1.108,0.581934833903338,1.90399325740319,"False"
72,"I","M",34,3882,4,158,0.876,0.895437312760147,0.978292938564027,"False"
72,"I","T",21,3882,8,158,0.541,3.96418250748959,0.136472021401103,"False"
72,"I","V",148,3882,8,158,3.812,6.65645960921552,0.572676801752464,"False"
73,"G","S",1,3882,1,158,0.026,1.33414579391296,0.019488125,"False"
74,"T","A",68,3882,5,158,1.752,0.789964618848504,2.21782084690554,"False"
74,"T","S",186,3882,11,158,4.791,3.28658732711483,1.45774310041104,"False"
75,"V","I",2,3882,2,158,0.052,0.380824372759857,0.136545882352941,"False"
77,"V","I",809,3882,28,158,20.84,20.9388324472285,0.995279944692351,"False"
77,"V","M",2,3882,2,158,0.052,0.0203979575722483,2.54927483870968,"False"
78,"G","R",1,3882,1,158,0.026,0.0153262577110234,1.696435,"True"
79,"P","S",12,3882,4,158,0.309,0.205411078120201,1.50430056074766,"False"
79,"P","T",1,3882,1,158,0.026,0.0038394594041159,6.77178666666667,"False"
81,"P","S",1,3882,1,158,0.026,0.00127720445488914,20.35696,"False"
82,"V","A",3,3882,2,158,0.077,4.38641351139652,0.0175542045454545,"False"
82,"V","I",131,3882,8,158,3.375,4.70361283556775,0.717533546655656,"False"
83,"N","S",3,3882,2,158,0.077,0.0568711899497744,1.35393685393258,"False"
84,"I","M",1,3882,1,158,0.026,0.00128094277388158,20.29755,"False"
85,"I","V",2,3882,2,158,0.052,0.807825852989788,0.0643703092783505,"False"
86,"G","A",1,3882,1,158,0.026,0,Inf,"False"
86,"G","E",1,3882,1,158,0.026,0.0089418016452915,2.90769142857143,"True"
86,"G","R",1,3882,1,158,0.026,0.00638700117520822,4.070768,"True"
87,"R","K",1,3882,1,158,0.026,0.0396817777436429,0.655212580645161,"False"
89,"L","I",43,3882,4,158,1.108,1.3983527495119,0.792360869163199,"False"
89,"L","M",1990,3882,96,158,51.262,35.4811807450123,1.44476589909444,"False"
9,"P","L",2,3882,2,158,0.052,0.00525620725225196,9.893065,"False"
90,"L","M",2,3882,1,158,0.052,6.20367334606211,0.00838213056994819,"False"
91,"T","I",1,3882,1,158,0.026,0.0563441603759692,0.461449772727273,"False"
92,"Q","E",1,3882,1,158,0.026,0.125102648326832,0.207829333333333,"False"
92,"Q","L",1,3882,1,158,0.026,0.0198881133237528,1.3073135483871,"False"
93,"I","L",2097,3882,102,158,54.019,43.7923235894303,1.23352669080656,"False"
93,"I","P",1,3882,1,158,0.026,0.00584894134161717,4.44524888888889,"False"
93,"I","V",1,3882,1,158,0.026,0.169619298906898,0.153284444444444,"False"
97,"L","I",4,3882,4,158,0.103,0.123338622333284,0.835099322916667,"False"
