"Pos","Cons","AA","Count","PosTotal","PatientCount","PatientPosTotal","sgsPcnt","dbPcnt","pcntFold","isAPOBEC","isUsual"
10,"E","D",22,484,1,29,4.545,4.79556590890835,0.947750502512563,"False","True"
101,"L","I",44,484,8,29,9.091,50.2135472797669,0.181046759141494,"False","True"
106,"G","E",2,484,2,29,0.413,0.0117892089440799,35.0320366666667,"True","False"
11,"E","D",55,484,6,29,11.364,24.0817810820639,0.471892006711409,"False","True"
110,"V","I",1,484,1,29,0.207,0.109808227773638,1.88510464285714,"False","True"
111,"K","Q",2,484,1,29,0.413,0.814591114996424,0.507002829268293,"False","True"
111,"K","R",19,484,2,29,3.926,2.48350949694032,1.580827456,"False","True"
112,"T","I",43,484,7,29,8.884,6.332718376514,1.40287305889804,"False","True"
112,"T","V",418,484,22,29,86.364,48.0428330793294,1.79764586025545,"False","True"
113,"I","V",299,484,15,29,61.777,14.5611807649579,4.24258176566758,"False","True"
115,"T","H",1,484,1,29,0.207,0,Inf,"False","False"
116,"D","N",1,484,1,29,0.207,0.00783944810285356,26.40492,"True","False"
117,"N","T",1,484,1,29,0.207,0.00784529086415879,26.385255,"False","False"
119,"S","A",1,484,1,29,0.207,0.202630219714728,1.02156529411765,"False","True"
119,"S","P",24,484,5,29,4.959,10.9658707139735,0.45222127173913,"False","True"
119,"S","T",30,484,2,29,6.198,4.70419961063213,1.31754613175676,"False","True"
120,"N","Q",1,484,1,29,0.207,0.00391987769981577,52.80777,"False","False"
122,"T","P",1,484,1,29,0.207,0.00793304509936139,26.093385,"False","False"
124,"T","A",371,484,22,29,76.653,52.0900842514582,1.47154686158631,"False","True"
124,"T","G",19,484,1,29,3.926,1.11795204147764,3.51177855072464,"False","True"
124,"T","N",56,484,3,29,11.57,13.0184705119896,0.888737274424393,"False","True"
125,"T","A",447,484,25,29,92.355,60.7365642994242,1.52058321153466,"False","True"
126,"V","F",108,484,5,29,22.314,3.30275951659253,6.75616855780691,"False","True"
126,"V","M",9,484,1,29,1.86,1.37385348187222,1.35385616045845,"False","True"
13,"E","G",3,484,1,29,0.62,0.0640691947303087,9.6770375,"False","True"
13,"E","K",1,484,1,29,0.207,0.0280302726945101,7.38487285714286,"True","False"
134,"G","D",35,484,6,29,7.231,3.41146346267481,2.11961818706697,"False","True"
134,"G","N",257,484,11,29,53.099,28.6862320267875,1.85102734825597,"False","True"
134,"G","S",5,484,1,29,1.033,1.26846562930865,0.814369720496894,"False","True"
135,"I","V",150,484,9,29,30.992,27.9199683042789,1.11002991343834,"False","True"
136,"K","E",1,484,1,29,0.207,0.0593518774977248,3.487674,"False","True"
136,"K","Q",278,484,16,29,57.438,24.025640011079,2.39069593873518,"False","True"
136,"K","R",72,484,3,29,14.876,10.6793811577573,1.39296460911449,"False","True"
136,"K","T",4,484,2,29,0.826,10.8376528310846,0.0762157648776926,"False","True"
14,"K","R",241,484,12,29,49.793,36.0831029435681,1.37995338366197,"False","True"
149,"G","E",1,484,1,29,0.207,0,Inf,"True","False"
15,"Y","C",1,484,1,29,0.207,0.00797035029689555,25.971255,"False","False"
150,"V","I",1,484,1,29,0.207,0.078465220291106,2.6381115,"False","True"
151,"V","I",1,484,1,29,0.207,2.21810732014814,0.0933228063943161,"False","True"
152,"E","K",7,484,4,29,1.446,0.172657353633652,8.37496909090909,"True","False"
154,"M","I",8,484,6,29,1.653,2.08513651742859,0.792753849056604,"False","True"
157,"E","K",5,484,4,29,1.033,0.149588631264024,6.905605,"False","True"
160,"K","R",48,484,3,29,9.917,0.709387562071412,13.9796643333333,"False","True"
163,"G","T",12,484,1,29,2.479,0.483091787439614,5.13153,"False","True"
165,"V","I",77,484,3,29,15.909,6.45733896098773,2.46370836285889,"False","True"
167,"D","E",277,484,12,29,57.231,25.049442290958,2.28472152534344,"False","True"
167,"D","K",1,484,1,29,0.207,0.00791076655327901,26.16687,"True","False"
169,"A","V",1,484,1,29,0.207,0.0274574409665019,7.53894,"False","True"
17,"S","N",97,484,9,29,20.041,17.1154002108507,1.17093376451078,"False","True"
17,"S","T",1,484,1,29,0.207,1.41513259265266,0.146276045845272,"False","True"
171,"H","Q",22,484,1,29,4.545,0.858200141721124,5.29596743119266,"False","True"
171,"H","Y",60,484,4,29,12.397,0.393669789780332,31.4908594,"False","True"
173,"K","R",80,484,6,29,16.529,2.65141053462221,6.23404025297619,"False","True"
176,"V","L",41,484,2,29,8.471,0.675569520816968,12.53905,"False","True"
177,"Q","L",4,484,1,29,0.826,0.251137968921676,3.28902875,"False","True"
177,"Q","P",1,484,1,29,0.207,0.019620153822006,10.550376,"False","True"
177,"Q","R",1,484,1,29,0.207,0.0156961230576048,13.18797,"False","True"
181,"F","L",29,484,2,29,5.992,2.30735913690593,2.59690825938567,"False","True"
182,"I","S",1,484,1,29,0.207,0,Inf,"False","False"
182,"I","V",38,484,2,29,7.851,0.900015720798617,8.72318096069869,"False","True"
188,"K","R",30,484,2,29,6.198,2.83391221976634,2.18708256267409,"False","True"
20,"R","K",1,484,1,29,0.207,5.6445768580401,0.0366723680456491,"False","True"
201,"V","I",460,484,27,29,95.041,73.188637089052,1.29857589620584,"False","True"
203,"I","M",9,484,1,29,1.86,4.86218520721793,0.382544045676998,"False","True"
203,"I","T",1,484,1,29,0.207,0.00793178663493952,26.097525,"False","False"
204,"I","L",5,484,1,29,1.033,0.227915749764225,4.53237655172414,"False","True"
205,"A","S",2,484,1,29,0.413,2.62557077625571,0.157299130434783,"False","True"
205,"A","T",1,484,1,29,0.207,0.236183278223902,0.876438,"False","True"
206,"T","S",76,484,8,29,15.702,21.7272727272727,0.722686192468619,"False","True"
207,"D","E",59,484,2,29,12.19,0.952268523983788,12.8010111570248,"False","True"
207,"D","N",12,484,1,29,2.479,0.28725455475544,8.62997630136986,"False","True"
21,"A","T",188,484,9,29,38.843,16.2139423076923,2.39565426241661,"False","True"
211,"K","R",19,484,2,29,3.926,8.49423917361939,0.462195603367633,"False","True"
216,"Q","H",12,484,1,29,2.479,2.05384948949422,1.20700178502879,"False","True"
216,"Q","N",5,484,1,29,1.033,0.630740726140261,1.6377569375,"False","True"
218,"T","I",97,484,7,29,20.041,14.3848177976238,1.39320499445676,"False","True"
218,"T","S",13,484,1,29,2.686,4.64476517024161,0.578285424892704,"False","True"
219,"K","N",11,484,1,29,2.273,2.29572750541445,0.990100085763293,"False","True"
22,"M","I",1,484,1,29,0.207,0.437619350732018,0.473013818181818,"False","True"
22,"M","R",1,484,1,29,0.207,0.0159134309357097,13.00788,"False","True"
220,"I","V",7,484,1,29,1.446,1.46135313401003,0.989493891891892,"False","True"
221,"Q","H",58,484,2,29,11.983,0.291281243849636,41.1389344594595,"False","True"
221,"Q","S",14,484,2,29,2.893,1.42098012202322,2.03591869806094,"False","True"
222,"N","K",69,484,3,29,14.256,5.15045155183973,2.76791264931087,"False","True"
222,"N","T",1,484,1,29,0.207,0.0749299996056316,2.76257842105263,"False","True"
227,"Y","F",13,484,1,29,2.686,4.0207726807774,0.668030802348336,"False","True"
228,"R","G",1,484,1,29,0.207,0.0157177099296632,13.1698575,"False","True"
229,"D","E",12,484,1,29,2.479,0.208276024678744,11.9024741509434,"False","True"
23,"A","V",40,484,1,29,8.264,6.44838490173318,1.28156121663563,"False","True"
234,"L","I",400,484,23,29,82.645,49.3458756570886,1.67481068882659,"False","True"
234,"L","V",21,484,2,29,4.339,4.66779969171179,0.929560025402202,"False","True"
238,"P","S",1,484,1,29,0.207,0.0314539592671228,6.5810475,"False","True"
24,"S","G",40,484,1,29,8.264,1.40636268931805,5.87615133903134,"False","True"
24,"S","N",44,484,4,29,9.091,7.23615674332879,1.25632988925803,"False","True"
25,"D","N",2,484,2,29,0.413,0.0399185661251048,10.346063,"True","False"
251,"I","L",1,484,1,29,0.207,1.24619219052894,0.166106,"False","True"
253,"D","E",12,484,1,29,2.479,1.96979905671594,1.25850400402414,"False","True"
254,"N","K",1,484,1,29,0.207,1.22400475341652,0.169116990291262,"False","True"
254,"N","Q",2,484,1,29,0.413,0.479302832244009,0.861668181818182,"False","True"
254,"N","S",1,484,1,29,0.207,0.360467419290949,0.574254395604396,"False","True"
255,"S","G",2,484,1,29,0.413,1.56510685628029,0.263879746192893,"False","True"
255,"S","N",58,484,2,29,11.983,5.04885993485342,2.37340709677419,"False","True"
255,"S","Q",28,484,1,29,5.785,0.083419400969254,69.3483761904762,"False","True"
256,"D","E",86,484,7,29,17.769,19.1563235822325,0.92757881875,"False","True"
257,"I","L",2,484,1,29,0.413,0.0632286109464533,6.531853125,"False","True"
259,"V","I",17,484,2,29,3.512,0.514912662890641,6.82057415384615,"False","True"
265,"A","V",65,484,6,29,13.43,11.9150988904969,1.12714129554656,"False","True"
269,"R","K",3,484,2,29,0.62,11.5268069976971,0.0537876621100596,"False","True"
270,"D","E",1,484,1,29,0.207,0.439746641384597,0.470725596330275,"False","True"
270,"D","H",5,484,1,29,1.033,0.915802638479848,1.1279722907489,"False","True"
270,"D","N",1,484,1,29,0.207,0.532537217089603,0.388705227272727,"False","True"
278,"D","N",1,484,1,29,0.207,1.16653426433081,0.177448709677419,"False","True"
28,"L","I",17,484,1,29,3.512,6.20145776078385,0.566318458574181,"False","True"
281,"V","M",1,484,1,29,0.207,2.18446601941748,0.09476,"False","True"
283,"S","D",5,484,1,29,1.033,0.397133730467064,2.60113891304348,"False","True"
283,"S","G",286,484,15,29,59.091,46.9265302598636,1.25922371998896,"False","True"
284,"R","G",1,484,1,29,0.207,3.99604692132514,0.0518011935483871,"False","True"
288,"D","N",69,484,3,29,14.256,3.77260309613633,3.77882317241379,"False","True"
3,"D","E",1,484,1,29,0.207,0.968316992140021,0.213772970711297,"False","True"
31,"V","I",271,484,16,29,55.992,48.0525306904849,1.16522479035817,"False","True"
33,"A","T",1,484,1,29,0.207,0.0237633173591033,8.710905,"False","True"
35,"E","G",1,484,1,29,0.207,0.0277458480320266,7.46057571428571,"False","True"
37,"V","I",1,484,1,29,0.207,2.25671074511046,0.0917264210526316,"False","True"
39,"S","C",13,484,1,29,2.686,6.80236743181636,0.39486252792475,"False","True"
39,"S","N",136,484,6,29,28.099,10.8573942253859,2.58800587108656,"False","True"
39,"S","Q",12,484,1,29,2.479,0.0519875229944813,47.6845184615385,"False","True"
41,"D","E",12,484,1,29,2.479,0.0911649292480875,27.1924743478261,"False","True"
41,"D","G",1,484,1,29,0.207,0.0475643109120457,4.3520025,"False","True"
41,"D","N",6,484,4,29,1.24,2.25930476832217,0.548841403508772,"False","True"
43,"C","G",1,484,1,29,0.207,0.00789702282239596,26.21241,"False","False"
45,"L","I",1,484,1,29,0.207,2.35726557193655,0.0878136101694915,"False","True"
45,"L","Q",2,484,2,29,0.413,3.74365735746534,0.11031992529349,"False","True"
47,"G","E",1,484,1,29,0.207,0.0513144390937081,4.03395230769231,"True","False"
48,"E","K",1,484,1,29,0.207,0.0906546844822829,2.28339,"True","False"
50,"M","I",31,484,2,29,6.405,12.8036030239665,0.500249811557789,"False","True"
50,"M","L",97,484,5,29,20.041,2.49316390542062,8.0383804516129,"False","True"
57,"S","N",1,484,1,29,0.207,0.579287515762926,0.357335510204082,"False","True"
59,"G","E",13,484,2,29,2.686,0.369293627720594,7.27334510638298,"False","True"
6,"D","E",1,484,1,29,0.207,3.55186855670103,0.0582791836734694,"False","True"
6,"D","N",2,484,2,29,0.413,0.366462628865979,1.12699076923077,"False","True"
60,"I","M",152,484,7,29,31.405,3.31245815116783,9.48087449464923,"False","True"
63,"L","I",2,484,2,29,0.413,1.72664700098328,0.239191913439636,"False","True"
64,"D","N",1,484,1,29,0.207,0.0274466750313676,7.54189714285714,"True","False"
66,"T","A",2,484,1,29,0.413,0.0549041138868191,7.522205,"False","True"
69,"E","K",3,484,3,29,0.62,0.0313700886205003,19.76405,"True","False"
7,"K","R",16,484,2,29,3.306,2.29667003027245,1.43947539543058,"False","True"
70,"G","E",1,484,1,29,0.207,0.365494203183337,0.566356451612903,"False","True"
72,"I","T",1,484,1,29,0.207,0.523475226230573,0.395434186046512,"False","True"
72,"I","V",343,484,19,29,70.868,46.0171245384085,1.54003538271605,"False","True"
74,"L","I",70,484,4,29,14.463,7.22748815165877,2.00111016393443,"False","True"
76,"A","T",1,484,1,29,0.207,0.00784098482769436,26.399745,"False","False"
78,"H","Y",1,484,1,29,0.207,0,Inf,"False","False"
79,"V","A",1,484,1,29,0.207,0.0980969197567196,2.110158,"False","True"
84,"I","L",81,484,4,29,16.736,2.25602528644804,7.41835656742557,"False","True"
85,"E","K",1,484,1,29,0.207,0.0156788962057071,13.20246,"True","False"
88,"V","I",9,484,1,29,1.86,1.12280150753769,1.65657062937063,"False","True"
9,"Q","P",1,484,1,29,0.207,0.0399616368286445,5.179968,"False","True"
96,"E","D",1,484,1,29,0.207,2.1019959138771,0.0984778317757009,"False","True"
97,"T","A",58,484,2,29,11.983,2.39407780752874,5.00526756578947,"False","True"
98,"A","T",1,484,1,29,0.207,0.00784190715181932,26.39664,"False","False"
